<?xml version="1.0" encoding="UTF-8"?>
<root>
  <item name="butter.droid.base.manager.provider.ProviderManager boolean hasProvider(int) 0">
    <annotation name="android.support.annotation.IntDef">
      <val name="value" val="{butter.droid.base.manager.provider.ProviderManager.PROVIDER_TYPE_MOVIE, butter.droid.base.manager.provider.ProviderManager.PROVIDER_TYPE_SHOW, butter.droid.base.manager.provider.ProviderManager.PROVIDER_TYPE_ANIME}" />
    </annotation>
  </item>
  <item name="butter.droid.base.manager.provider.ProviderManager butter.droid.base.providers.media.MediaProvider getMediaProvider(int) 0">
    <annotation name="android.support.annotation.IntDef">
      <val name="value" val="{butter.droid.base.manager.provider.ProviderManager.PROVIDER_TYPE_MOVIE, butter.droid.base.manager.provider.ProviderManager.PROVIDER_TYPE_SHOW, butter.droid.base.manager.provider.ProviderManager.PROVIDER_TYPE_ANIME}" />
    </annotation>
  </item>
  <item name="butter.droid.base.manager.provider.ProviderManager currentProviderType">
    <annotation name="android.support.annotation.IntDef">
      <val name="value" val="{butter.droid.base.manager.provider.ProviderManager.PROVIDER_TYPE_MOVIE, butter.droid.base.manager.provider.ProviderManager.PROVIDER_TYPE_SHOW, butter.droid.base.manager.provider.ProviderManager.PROVIDER_TYPE_ANIME}" />
    </annotation>
  </item>
  <item name="butter.droid.base.manager.provider.ProviderManager int getCurrentMediaProviderType()">
    <annotation name="android.support.annotation.IntDef">
      <val name="value" val="{butter.droid.base.manager.provider.ProviderManager.PROVIDER_TYPE_MOVIE, butter.droid.base.manager.provider.ProviderManager.PROVIDER_TYPE_SHOW, butter.droid.base.manager.provider.ProviderManager.PROVIDER_TYPE_ANIME}" />
    </annotation>
  </item>
  <item name="butter.droid.base.manager.provider.ProviderManager void setCurrentProviderType(int) 0">
    <annotation name="android.support.annotation.IntDef">
      <val name="value" val="{butter.droid.base.manager.provider.ProviderManager.PROVIDER_TYPE_MOVIE, butter.droid.base.manager.provider.ProviderManager.PROVIDER_TYPE_SHOW, butter.droid.base.manager.provider.ProviderManager.PROVIDER_TYPE_ANIME}" />
    </annotation>
  </item>
  <item name="butter.droid.base.manager.provider.ProviderManager.OnProviderChangeListener void onProviderChanged(int) 0">
    <annotation name="android.support.annotation.IntDef">
      <val name="value" val="{butter.droid.base.manager.provider.ProviderManager.PROVIDER_TYPE_MOVIE, butter.droid.base.manager.provider.ProviderManager.PROVIDER_TYPE_SHOW, butter.droid.base.manager.provider.ProviderManager.PROVIDER_TYPE_ANIME}" />
    </annotation>
  </item>
  <item name="butter.droid.base.manager.provider.ProviderManager.ProviderType">
    <annotation name="android.support.annotation.IntDef">
      <val name="value" val="{butter.droid.base.manager.provider.ProviderManager.PROVIDER_TYPE_MOVIE, butter.droid.base.manager.provider.ProviderManager.PROVIDER_TYPE_SHOW, butter.droid.base.manager.provider.ProviderManager.PROVIDER_TYPE_ANIME}" />
    </annotation>
  </item>
</root>

