<?xml version="1.0" encoding="UTF-8"?>
<root>
  <item name="butter.droid.base.utils.ProviderUtils int getProviderIcon(int) 0">
    <annotation name="android.support.annotation.IntDef">
      <val name="value" val="{butter.droid.base.manager.provider.ProviderManager.PROVIDER_TYPE_MOVIE, butter.droid.base.manager.provider.ProviderManager.PROVIDER_TYPE_SHOW, butter.droid.base.manager.provider.ProviderManager.PROVIDER_TYPE_ANIME}" />
    </annotation>
  </item>
  <item name="butter.droid.base.utils.ProviderUtils int getProviderTitle(int) 0">
    <annotation name="android.support.annotation.IntDef">
      <val name="value" val="{butter.droid.base.manager.provider.ProviderManager.PROVIDER_TYPE_MOVIE, butter.droid.base.manager.provider.ProviderManager.PROVIDER_TYPE_SHOW, butter.droid.base.manager.provider.ProviderManager.PROVIDER_TYPE_ANIME}" />
    </annotation>
  </item>
</root>

